ndelivery,salario,ntienda,categoria,disponibilidad
Colton,2020,Inkafarma,Mascota,disponible
Bennett,2187,AppleStore,Mascota,ocupado
Ryan,2432,Mifarma,Farmacia,ocupado
Leo,2648,Falabella,Electronica,disponible
Brody,1437,Ricopet,Electronica,ocupado
Elliot,2693,Tambo,Tienda,disponible
Daniel,1326,Falabella,Electronica,ocupado
Hayden,1520,Mifarma,Tienda,ocupado
Avery,1479,AppleStore,Farmacia,disponible
Brody,2954,Falabella,Farmacia,ocupado
Matteo,2006,Platanitos,Farmacia,ocupado
Alexander,2125,Mifarma,Electronica,ocupado
Nolan,2719,Ripley,Mascota,ocupado
Dominic,1852,Tambo,Tienda,disponible
Joseph,2081,Falabella,Farmacia,ocupado
India,2382,Inkafarma,Mascota,ocupado
Everett,1209,Ricopet,Farmacia,ocupado
Theo,1263,Platanitos,Mascota,disponible
Isaac,1504,Ripley,Farmacia,disponible
Dominic,2287,AppleStore,Electronica,disponible
Dominic,1097,Ripley,Mascota,ocupado
Kayden,2337,Inkafarma,Mascota,disponible
Felix,2687,Tambo,Electronica,disponible
Jacob,1118,Tambo,Farmacia,ocupado
Dylan,1409,Inkafarma,Electronica,disponible
Elias,1986,Inkafarma,Tienda,ocupado
Elliot,2598,Mifarma,Tienda,ocupado
Carter,2877,Falabella,Farmacia,ocupado
Leo,1392,Mifarma,Electronica,disponible
Declan,1286,Ripley,Tienda,disponible
Brayden,1388,Mifarma,Mascota,ocupado
Brayden,1432,Oeschle,Electronica,disponible
Zayn,1697,Mifarma,Farmacia,ocupado
Bennett,1371,Platanitos,Farmacia,ocupado
Matteo,2559,Tambo,Tienda,ocupado
Christian,2122,Platanitos,Electronica,disponible
India,1452,Falabella,Tienda,ocupado
Brody,2561,Platanitos,Electronica,ocupado
Charlie,1985,Falabella,Electronica,disponible
Carson,1330,Oeschle,Mascota,disponible
Andrew,1956,Oeschle,Electronica,disponible
Carter,1416,Ripley,Mascota,ocupado
Harrison,1697,Inkafarma,Farmacia,disponible
James,1231,Platanitos,Electronica,disponible
Joshua,1362,AppleStore,Farmacia,disponible
Jayden,2924,Inkafarma,Farmacia,disponible
Parker,2044,Falabella,Electronica,disponible
Zachary,1759,Inkafarma,Mascota,disponible
Sebastian,1778,Mifarma,Tienda,disponible
William,1155,Mifarma,Farmacia,disponible
Samuel,1206,Mifarma,Tienda,disponible
Everett,2867,Falabella,Mascota,disponible
Nolan,2849,AppleStore,Farmacia,ocupado
Noah,1478,Mifarma,Tienda,ocupado
Ryan,2653,AppleStore,Tienda,disponible
Hayden,2034,Oeschle,Mascota,ocupado
Brayden,2578,Ripley,Electronica,disponible
Levi,2773,AppleStore,Electronica,ocupado
Adam,1556,Ricopet,Farmacia,ocupado
India,1047,Falabella,Farmacia,ocupado
Christian,1846,AppleStore,Electronica,disponible
Emmett,1161,Tambo,Farmacia,disponible
Benjamin,1040,AppleStore,Farmacia,disponible
Matteo,1300,Platanitos,Mascota,ocupado
Jordan,1345,Ripley,Mascota,disponible
Adam,2015,Tambo,Tienda,disponible
Colton,2097,AppleStore,Electronica,ocupado
Colton,1924,Platanitos,Tienda,disponible
Owen,2685,Falabella,Tienda,ocupado
Arthur,1751,Falabella,Tienda,disponible
Tristan,1470,Falabella,Electronica,ocupado
Blake,1232,AppleStore,Tienda,disponible
Liam,2849,Ricopet,Mascota,ocupado
Cole,2860,Inkafarma,Tienda,ocupado
Isaiah,2527,Falabella,Farmacia,disponible
Joseph,2443,Oeschle,Farmacia,ocupado
Dylan,2814,Oeschle,Mascota,ocupado
Xavier,1746,Falabella,Electronica,disponible
Eli,1529,AppleStore,Tienda,ocupado
Declan,1092,Oeschle,Mascota,ocupado
Daniel,1220,Oeschle,Electronica,ocupado
Matteo,2646,Falabella,Tienda,disponible
Luke,2640,Mifarma,Farmacia,disponible
Avery,2374,Ricopet,Tienda,ocupado
Maverick,1721,Platanitos,Electronica,disponible
Elliot,1306,AppleStore,Electronica,disponible
Hayden,1508,Tambo,Mascota,ocupado
Riley,1708,Inkafarma,Tienda,ocupado
Brody,1164,Platanitos,Mascota,ocupado
Jack,1013,Ricopet,Tienda,disponible
Avery,2650,Platanitos,Tienda,disponible
Landon,1397,Ripley,Farmacia,ocupado
Noah,1130,AppleStore,Tienda,ocupado
Max,2727,Ricopet,Farmacia,ocupado
Oliver,2709,Mifarma,Mascota,disponible
Edward,2973,Ricopet,Mascota,ocupado
Theodore,2577,Falabella,Farmacia,disponible
Aiden,1391,Mifarma,Farmacia,ocupado
Arabia,1844,Ricopet,Mascota,disponible
Noah,2234,Falabella,Mascota,ocupado
James,1960,AppleStore,Mascota,ocupado
Nicholas,2741,Inkafarma,Electronica,disponible
Asher,2222,AppleStore,Tienda,ocupado
Sebastian,1424,Oeschle,Tienda,ocupado
Jace,2760,Mifarma,Electronica,disponible
Kayden,1962,AppleStore,Mascota,disponible
Bennett,1590,Ricopet,Farmacia,ocupado
Benjamin,2754,Ripley,Electronica,ocupado
Parker,1909,Ricopet,Electronica,ocupado
Caleb,2011,Falabella,Farmacia,ocupado
Ryan,1967,Falabella,Tienda,disponible
Theodore,1867,Ricopet,Mascota,disponible
Maverick,2130,Mifarma,Farmacia,ocupado
Blake,1126,Tambo,Farmacia,ocupado
Nathan,1395,Inkafarma,Electronica,disponible
Nolan,1524,Falabella,Farmacia,ocupado
Leo,1614,Ripley,Tienda,disponible
Leo,1539,Mifarma,Electronica,disponible
Felix,1095,Oeschle,Mascota,disponible
Wyatt,1325,Platanitos,Electronica,ocupado
John,1745,Inkafarma,Tienda,disponible
Levi,1567,Ripley,Mascota,disponible
India,1119,Ricopet,Electronica,ocupado
Carter,1159,Inkafarma,Farmacia,disponible
Parker,2647,Inkafarma,Tienda,ocupado
Julian,1216,Falabella,Mascota,disponible
Adam,1012,Tambo,Mascota,ocupado
Emmett,1004,Platanitos,Tienda,disponible
Hunter,2579,AppleStore,Mascota,disponible
Jack,1124,Inkafarma,Tienda,ocupado
Luke,2552,Oeschle,Mascota,ocupado
Gabriel,1193,Mifarma,Farmacia,ocupado
Carter,2838,Platanitos,Farmacia,ocupado
Jace,1465,Oeschle,Electronica,disponible
Hunter,2104,Platanitos,Tienda,ocupado
Dylan,1343,Ripley,Farmacia,disponible
Brody,2948,Inkafarma,Electronica,ocupado
Owen,1066,Mifarma,Electronica,disponible
Felix,2609,Inkafarma,Farmacia,disponible
Caleb,1487,Inkafarma,Electronica,disponible
Elliot,1752,Ricopet,Tienda,disponible
Carter,1714,Oeschle,Tienda,ocupado
Eli,2041,Ripley,Tienda,ocupado
Xavier,2859,Tambo,Electronica,ocupado
Isaac,2081,Falabella,Electronica,disponible
Lucas,1706,Inkafarma,Farmacia,ocupado
Dylan,1833,Falabella,Farmacia,ocupado
Colton,1691,Ricopet,Mascota,disponible
Caleb,2665,Ripley,Electronica,ocupado
Australia,1340,Platanitos,Tienda,ocupado
Xavier,2154,Inkafarma,Farmacia,disponible
Jacob,2376,Inkafarma,Mascota,disponible
Jackson,2916,AppleStore,Mascota,ocupado
Jack,2021,Ricopet,Tienda,ocupado
Dominic,2380,Ricopet,Electronica,ocupado
Michael,1804,Falabella,Mascota,disponible
Everett,1884,Oeschle,Mascota,ocupado
Jace,2495,AppleStore,Farmacia,ocupado
Maverick,1904,Inkafarma,Mascota,ocupado
Joshua,2884,Ripley,Mascota,ocupado
Grayson,2910,Inkafarma,Tienda,ocupado
Max,1342,Ricopet,Electronica,disponible
Gabriel,1033,Mifarma,Farmacia,ocupado
Elliot,2702,AppleStore,Tienda,ocupado
Parker,2513,Ripley,Electronica,ocupado
Christian,2817,Ripley,Electronica,ocupado
Luke,1855,Inkafarma,Electronica,disponible
Liam,1173,Ricopet,Farmacia,disponible
Michael,1882,Ripley,Mascota,ocupado
Isaiah,2220,Mifarma,Electronica,disponible
Austin,2956,Platanitos,Tienda,disponible
William,2191,Tambo,Mascota,ocupado
Joseph,2170,Ripley,Farmacia,disponible
Evan,1034,Inkafarma,Farmacia,disponible
Wyatt,2697,Ripley,Farmacia,ocupado
Logan,2753,Falabella,Tienda,ocupado
Kayden,1448,Inkafarma,Farmacia,ocupado
Theodore,1223,Tambo,Electronica,ocupado
Dominic,1031,Tambo,Electronica,ocupado
William,1098,Ricopet,Electronica,disponible
Hayden,2755,Ricopet,Tienda,disponible
Maverick,2579,Oeschle,Mascota,disponible
Hunter,2967,Inkafarma,Electronica,disponible
Mason,1376,Oeschle,Electronica,disponible
Jayden,1477,Ricopet,Tienda,ocupado
Callum,2642,Falabella,Electronica,ocupado
Brody,1411,Tambo,Electronica,ocupado
Thomas,1648,Mifarma,Farmacia,ocupado
Everett,2713,Falabella,Electronica,ocupado
Elliot,2655,Ricopet,Tienda,ocupado
Jayden,1817,Tambo,Electronica,disponible
Grayson,1882,AppleStore,Electronica,ocupado
James,1339,Inkafarma,Tienda,disponible
Xavier,2540,Mifarma,Mascota,disponible
Adam,2675,Mifarma,Tienda,ocupado
Luca,1037,Falabella,Tienda,ocupado
Luca,2954,Inkafarma,Farmacia,disponible
Brody,2372,Ricopet,Tienda,ocupado
Luke,1304,Platanitos,Farmacia,disponible
Aiden,2178,Ricopet,Tienda,disponible
Caleb,2878,Ripley,Electronica,ocupado
Connor,1454,AppleStore,Farmacia,ocupado
John,2570,AppleStore,Electronica,ocupado
Julian,2189,Mifarma,Farmacia,disponible
Elliot,2210,Mifarma,Tienda,ocupado
Joseph,2688,Inkafarma,Mascota,disponible
Brayden,1963,Tambo,Farmacia,disponible
Avery,1453,Ricopet,Electronica,ocupado
Daniel,2198,Ripley,Tienda,ocupado
Hunter,2957,Falabella,Tienda,ocupado
Kayden,1926,Mifarma,Tienda,ocupado
Theodore,2219,Ripley,Tienda,disponible
Liam,2504,Mifarma,Electronica,ocupado
Gavin,2708,Platanitos,Electronica,ocupado
Brayden,2274,Inkafarma,Tienda,disponible
Joseph,2239,Ripley,Tienda,ocupado
Charlie,2451,Mifarma,Mascota,ocupado
Caleb,1987,Tambo,Electronica,disponible
Avery,1566,Tambo,Mascota,ocupado
Tristan,2762,Falabella,Farmacia,disponible
Kayden,1572,Mifarma,Mascota,disponible
Germany,2956,Ripley,Farmacia,disponible
Brayden,2238,Ricopet,Tienda,ocupado
Jackson,2750,Ripley,Farmacia,ocupado
Hayden,1414,AppleStore,Electronica,disponible
Theo,1649,Mifarma,Farmacia,disponible
Jacob,1959,Mifarma,Farmacia,disponible
Evan,1320,Platanitos,Mascota,ocupado
Jordan,1679,Ricopet,Farmacia,disponible
Sebastian,2354,Oeschle,Electronica,disponible
Oliver,2308,Mifarma,Tienda,disponible
Avery,1079,Ripley,Mascota,ocupado
Zayn,2621,Platanitos,Tienda,disponible
Evan,1369,Mifarma,Tienda,disponible
Matthew,1275,Tambo,Tienda,ocupado
Oliver,2535,AppleStore,Tienda,disponible
Carson,2947,Ricopet,Farmacia,ocupado
Luca,2927,Ripley,Farmacia,disponible
James,1711,Platanitos,Farmacia,disponible
Avery,1724,Ricopet,Tienda,disponible
Max,1960,Ricopet,Tienda,disponible
Max,1629,Falabella,Farmacia,ocupado
Julian,2252,Ricopet,Tienda,ocupado
Gavin,2296,Tambo,Mascota,ocupado
Riley,2643,Inkafarma,Mascota,disponible
Dylan,2389,Mifarma,Electronica,disponible
Liam,2534,Oeschle,Mascota,ocupado
Arabia,1197,Platanitos,Tienda,ocupado
Landon,2709,Oeschle,Tienda,ocupado
Xavier,1048,Falabella,Farmacia,ocupado
Jace,1295,Ricopet,Farmacia,ocupado
Marcus,2086,Tambo,Tienda,ocupado
Brazil,1652,AppleStore,Mascota,disponible
Jackson,1159,Inkafarma,Mascota,disponible
Felix,1077,Tambo,Mascota,ocupado
Elliot,2265,Mifarma,Electronica,disponible
Dominic,1600,Platanitos,Farmacia,disponible
Daniel,1156,Falabella,Electronica,ocupado
Zachary,2998,Ripley,Tienda,ocupado
Eli,2900,Oeschle,Mascota,disponible
Evan,1056,AppleStore,Farmacia,disponible
Xavier,1680,Inkafarma,Electronica,disponible
Theo,1042,Ripley,Farmacia,ocupado
Carter,2312,Mifarma,Farmacia,ocupado
Alex,1748,Platanitos,Farmacia,ocupado
Gabriel,2902,AppleStore,Farmacia,disponible
Zachary,2113,Oeschle,Tienda,ocupado
Sebastian,1361,Falabella,Mascota,ocupado
Declan,2753,Ripley,Tienda,ocupado
Tristan,2805,Falabella,Electronica,ocupado
Carter,1303,Tambo,Farmacia,disponible
Jace,1917,Inkafarma,Electronica,disponible
Edward,2745,Inkafarma,Farmacia,ocupado
Carter,2116,Ricopet,Mascota,ocupado
Nicholas,2792,AppleStore,Electronica,disponible
Parker,1189,Mifarma,Farmacia,ocupado
Parker,1326,Oeschle,Tienda,ocupado
Jack,1071,Inkafarma,Farmacia,disponible
Luke,1036,Falabella,Tienda,ocupado
Nicholas,1648,Platanitos,Mascota,ocupado
Landon,2546,AppleStore,Electronica,disponible
Max,1319,Tambo,Mascota,ocupado
Levi,2274,Mifarma,Electronica,ocupado
Hayden,2661,Falabella,Electronica,ocupado
Jackson,2388,AppleStore,Tienda,disponible
Dylan,2469,Tambo,Tienda,disponible
Elijah,2338,Tambo,Tienda,disponible
Everett,1092,AppleStore,Mascota,ocupado
Charlie,2599,Inkafarma,Mascota,ocupado
Evan,1424,Inkafarma,Farmacia,ocupado
Felix,2326,Platanitos,Farmacia,disponible
India,2338,Ripley,Farmacia,disponible
Hayden,2341,Platanitos,Electronica,disponible
India,2413,Ripley,Mascota,disponible
Alexander,1640,AppleStore,Mascota,ocupado
Hunter,1915,Mifarma,Mascota,ocupado
Felix,2197,Inkafarma,Mascota,disponible
Brayden,1136,Falabella,Electronica,ocupado
Carter,2017,Falabella,Electronica,ocupado
Noah,1797,AppleStore,Tienda,disponible
Daniel,1897,AppleStore,Tienda,disponible
Evan,1195,Oeschle,Farmacia,ocupado
Everett,1684,Ripley,Farmacia,ocupado
Bennett,2520,Platanitos,Tienda,disponible
Connor,2240,Platanitos,Electronica,ocupado
John,2344,Tambo,Tienda,disponible
Kayden,2804,Oeschle,Tienda,disponible
Eli,1654,Platanitos,Mascota,ocupado
Gabriel,2126,Ripley,Tienda,disponible
Oliver,2112,Oeschle,Electronica,disponible
Maverick,2741,Mifarma,Farmacia,disponible
Kayden,2987,Inkafarma,Tienda,disponible
Zayn,1855,Platanitos,Mascota,disponible
Ethan,1397,AppleStore,Electronica,disponible
Levi,2582,Oeschle,Tienda,disponible
Caleb,1694,Ripley,Farmacia,ocupado
Logan,1610,Oeschle,Farmacia,ocupado
Nolan,1716,Inkafarma,Farmacia,disponible
Matthew,2636,Ripley,Farmacia,disponible
Aiden,2452,Ricopet,Mascota,ocupado
Austin,2554,Ricopet,Mascota,ocupado
Xavier,2445,AppleStore,Electronica,disponible
Christian,2970,AppleStore,Tienda,disponible
Colton,1393,Inkafarma,Electronica,ocupado
Asher,2191,Falabella,Electronica,ocupado
Theo,2446,Platanitos,Electronica,ocupado
Oliver,2605,Inkafarma,Mascota,ocupado
Oliver,1679,Oeschle,Tienda,disponible
Xavier,2721,Platanitos,Farmacia,disponible
Christian,2926,Falabella,Electronica,disponible
Adam,2721,Oeschle,Farmacia,disponible
Asher,1641,Inkafarma,Tienda,ocupado
Evan,1133,Inkafarma,Farmacia,disponible
Callum,2758,Tambo,Electronica,disponible
Isaiah,2591,Inkafarma,Mascota,ocupado
Dylan,2251,Falabella,Mascota,ocupado
Carter,2553,Falabella,Farmacia,ocupado
Dylan,1626,AppleStore,Tienda,ocupado
Adam,2451,Ripley,Mascota,ocupado
William,1431,Ricopet,Mascota,disponible
Aiden,1694,Inkafarma,Electronica,disponible
Kayden,2963,Ripley,Farmacia,disponible
Declan,1694,Inkafarma,Farmacia,ocupado
Xavier,2421,Platanitos,Farmacia,disponible
Felix,1120,Tambo,Farmacia,disponible
Brayden,2166,Platanitos,Tienda,disponible
Alex,2392,Falabella,Tienda,disponible
Isaac,1574,Falabella,Mascota,ocupado
Cole,1592,Platanitos,Electronica,ocupado
Oliver,2272,Inkafarma,Electronica,disponible
Australia,1765,Platanitos,Farmacia,ocupado
Oliver,1214,Ricopet,Electronica,ocupado
Leo,2180,Ricopet,Farmacia,disponible
Arthur,2302,Oeschle,Farmacia,disponible
Julian,1135,Oeschle,Tienda,disponible
India,1829,Falabella,Mascota,ocupado
Declan,2565,AppleStore,Tienda,ocupado
Jordan,2346,Inkafarma,Mascota,ocupado
William,2849,Inkafarma,Tienda,disponible
Kayden,1975,Oeschle,Tienda,disponible
Elliot,2108,Platanitos,Mascota,ocupado
Arabia,1288,Ripley,Farmacia,disponible
Australia,1006,Falabella,Mascota,disponible
Jack,2447,Tambo,Tienda,ocupado
Carter,1339,Oeschle,Tienda,disponible
Nicholas,1041,Ripley,Farmacia,disponible
Caleb,2602,Ricopet,Electronica,ocupado
Grayson,2018,AppleStore,Mascota,disponible
Parker,2487,Ripley,Tienda,ocupado
Gavin,1789,Tambo,Electronica,ocupado
Lincoln,2551,Mifarma,Farmacia,ocupado
Marcus,1230,Ricopet,Mascota,ocupado
Landon,1862,Oeschle,Farmacia,disponible
Julian,1018,Mifarma,Electronica,disponible
Grayson,1840,Platanitos,Farmacia,disponible
Julian,2140,Ricopet,Farmacia,disponible
Ethan,2109,Platanitos,Mascota,disponible
Luke,1729,Tambo,Mascota,disponible
Kayden,1776,Inkafarma,Mascota,disponible
Evan,1163,Inkafarma,Tienda,ocupado
Nolan,1671,Falabella,Tienda,ocupado
Gavin,2491,Ricopet,Mascota,disponible
Brody,2793,AppleStore,Farmacia,disponible
Theo,1985,Tambo,Electronica,disponible
Oliver,1191,AppleStore,Tienda,disponible
Arabia,2388,Inkafarma,Tienda,disponible
Lincoln,1359,AppleStore,Electronica,ocupado
Gavin,1156,Falabella,Mascota,ocupado
Germany,1926,AppleStore,Mascota,disponible
Arthur,1663,Tambo,Tienda,ocupado
Sebastian,1405,AppleStore,Electronica,disponible
Australia,2121,Platanitos,Tienda,disponible
Everett,2781,Mifarma,Tienda,disponible
Hayden,2804,Tambo,Farmacia,disponible
Kayden,1081,Inkafarma,Electronica,ocupado
Easton,1122,Falabella,Farmacia,disponible
John,1246,Tambo,Farmacia,disponible
Isaiah,2793,AppleStore,Mascota,disponible
Caleb,2000,Platanitos,Tienda,disponible
Kayden,1081,Tambo,Farmacia,ocupado
Theo,1535,AppleStore,Tienda,ocupado
Cole,2294,Ricopet,Tienda,ocupado
Arthur,1275,Inkafarma,Mascota,disponible
Nolan,1914,Oeschle,Tienda,ocupado
Asher,1674,Inkafarma,Tienda,ocupado
Colton,2660,Ripley,Electronica,ocupado
Rowan,2597,Ricopet,Tienda,disponible
Caleb,2887,Falabella,Electronica,ocupado
Avery,2867,Platanitos,Electronica,ocupado
Levi,1112,Falabella,Tienda,disponible
Xavier,2638,Ripley,Tienda,disponible
Isaac,2023,Inkafarma,Electronica,ocupado
William,1767,Mifarma,Tienda,ocupado
Thomas,2321,Tambo,Mascota,disponible
India,1998,Ricopet,Tienda,ocupado
Elliot,1812,Ricopet,Tienda,disponible
Emmett,2861,Tambo,Mascota,disponible
Logan,1579,Tambo,Electronica,disponible
Theodore,1893,Tambo,Farmacia,ocupado
Evan,1075,Ricopet,Mascota,disponible
Charlie,1521,Oeschle,Electronica,ocupado
Jackson,2477,Oeschle,Electronica,disponible
Austin,1207,Mifarma,Electronica,disponible
Daniel,1497,Falabella,Tienda,disponible
William,1803,Mifarma,Electronica,ocupado
Arabia,1062,Falabella,Electronica,disponible
Noah,1408,Inkafarma,Mascota,ocupado
Andrew,1801,AppleStore,Mascota,ocupado
Maverick,1026,Tambo,Electronica,ocupado
Zachary,2167,Inkafarma,Mascota,ocupado
Lincoln,2397,Mifarma,Farmacia,ocupado
Wyatt,2214,Ripley,Farmacia,ocupado
Noah,2077,Platanitos,Farmacia,ocupado
Ryan,2820,Tambo,Mascota,disponible
Hudson,2569,Inkafarma,Farmacia,disponible
Edward,2449,Ripley,Tienda,ocupado
Ethan,1524,Falabella,Farmacia,disponible
Austin,2430,Ripley,Farmacia,disponible
Xavier,2592,Platanitos,Electronica,ocupado
Leo,2052,Oeschle,Farmacia,disponible
Felix,2010,Falabella,Electronica,ocupado
Ryder,2425,Ripley,Farmacia,disponible
Tristan,1677,Ricopet,Electronica,disponible
Carter,2788,Tambo,Mascota,disponible
India,1611,AppleStore,Electronica,disponible
Ethan,2772,Mifarma,Mascota,ocupado
Carter,2853,Oeschle,Farmacia,disponible
Cole,1874,Ripley,Mascota,ocupado
James,1119,Tambo,Farmacia,ocupado
Edward,1767,Platanitos,Mascota,ocupado
Evan,2761,Mifarma,Mascota,disponible
Colton,2648,Mifarma,Mascota,disponible
Liam,1694,Mifarma,Tienda,ocupado
Christian,1476,Ricopet,Mascota,ocupado
Evan,2705,AppleStore,Mascota,disponible
Levi,1580,Ricopet,Farmacia,disponible
Jackson,2231,Ripley,Tienda,ocupado
Liam,1616,Falabella,Farmacia,ocupado
Caleb,2923,Ripley,Tienda,ocupado
Colton,1654,Mifarma,Tienda,disponible
Luca,2161,AppleStore,Farmacia,ocupado
Matteo,2084,Ripley,Mascota,disponible
Henry,1511,Inkafarma,Mascota,disponible
Jayden,2455,Platanitos,Tienda,ocupado
Michael,2284,Tambo,Mascota,disponible
Carter,1642,Mifarma,Electronica,ocupado
Owen,1165,Tambo,Mascota,ocupado
Eli,1058,Platanitos,Farmacia,disponible
Blake,2913,Ripley,Mascota,disponible
Isaiah,1321,Mifarma,Mascota,disponible
Julian,1026,Mifarma,Electronica,disponible
Everett,1478,Oeschle,Tienda,ocupado
William,1687,Ripley,Farmacia,disponible
Jack,2348,Oeschle,Mascota,disponible
Harrison,1599,Mifarma,Tienda,disponible
Marcus,1416,Oeschle,Electronica,ocupado
Joshua,1703,Oeschle,Electronica,disponible
Parker,2152,Falabella,Electronica,disponible
Dylan,2458,Ripley,Farmacia,ocupado
Brody,1685,Mifarma,Tienda,disponible
Ethan,2846,Mifarma,Farmacia,disponible
Alexander,2786,Inkafarma,Mascota,disponible
Elliot,1104,Ricopet,Tienda,disponible
Alex,1723,Inkafarma,Farmacia,ocupado
Zachary,1887,Inkafarma,Electronica,disponible
Julian,1927,Ripley,Farmacia,disponible
Theo,2468,AppleStore,Tienda,ocupado
Carter,1625,Inkafarma,Mascota,ocupado
Ethan,1506,AppleStore,Tienda,ocupado
Maverick,1779,Platanitos,Tienda,disponible
Luca,1748,Ripley,Tienda,ocupado
Lincoln,2306,Oeschle,Mascota,ocupado
Michael,2513,Ripley,Electronica,ocupado
Hayden,1468,AppleStore,Farmacia,disponible
Evan,1476,Ripley,Tienda,disponible
Tristan,2722,Platanitos,Electronica,ocupado
Isaiah,2111,Ripley,Farmacia,disponible
Ethan,1415,Ricopet,Farmacia,ocupado
Levi,1812,Ripley,Electronica,disponible
Parker,2954,Mifarma,Farmacia,disponible
